"Date","Transaction","Name","Memo","Amount"
"2025-05-01","DEBIT","GOOGLE *YouTubePremium g.co/helppay# CA","24692165120100434726557; 04899; ; ; ;","-15.32"
"2025-05-01","DEBIT","AMAZON RETA* NB49L6SI2 WWW.AMAZON.CO WA","24011345120100074648220; 05331; ; ; ;","-38.45"
"2025-05-01","DEBIT","APPLE.COM/BILL         866-712-7753  CA","24430995120323143382499; 05818; ; ; ;","-9.99"
"2025-05-01","DEBIT","TARGET.COM  *          800-591-3869  MN","24431065120197348583981; 05310; ; ; ;","-26.65"
"2025-05-01","DEBIT","KROGER FUEL #9588      SPRING HILL   TN","24445005120300449569335; 05542; ; ; ;","-23.71"
"2025-05-01","DEBIT","WHITS FROZEN CUSTARD   423-3222819   TN","24540455121010601715663; 05812; ; ; ;","-22.06"
"2025-05-01","DEBIT","TARGET        00023622 SPRING HILL   TN","24164075120091007826140; 05411; ; ; ;","-121.94"
"2025-05-02","DEBIT","TARGET.COM             800-591-3869  MN","24431065122198217151387; 05310; ; ; ;","-85.86"
"2025-05-02","DEBIT","WALGREENS #10372       KISSIMMEE     FL","24445005122000795677496; 05912; ; ; ;","-14.99"
"2025-05-05","DEBIT","CIRCLE K # 06532       ORLANDO       FL","24692165125102111979074; 05542; ; ; ;","-46.76"
"2025-05-05","DEBIT","WAWA 5116              KISSIMMEE     FL","24055245125328289776650; 05541; ; ; ;","-3.99"
"2025-05-05","DEBIT","SEAWORLD-FOOD SVC      ORLANDO       FL","24941685124142124467680; 05814; ; ; ;","-91.63"
"2025-05-05","DEBIT","SEAWORLD-FOOD SVC      ORLANDO       FL","24941685124142124442477; 05814; ; ; ;","-22.63"
"2025-05-05","DEBIT","SEAWORLD-FOOD SVC      ORLANDO       FL","24941685124142124429375; 05814; ; ; ;","-56.27"
"2025-05-05","DEBIT","KROGER                 866-576-4377  OH","24445005124100261029616; 05411; ; ; ;","-40.74"
"2025-05-05","DEBIT","VOLCANO HOT  POT & BBQ KISSIMMEE     FL","24765015123326922197839; 05812; ; ; ;","-98.74"
"2025-05-05","DEBIT","4TE*PREVENTIA SECURITY COLUMBIA      TN","24445005122200166305251; 07393; ; ; ;","-164.85"
"2025-05-05","DEBIT","PAO GOSTOSO BAKERY ORL ORLANDO       FL","24239005122900013203217; 05462; ; ; ;","-18.98"
"2025-05-05","DEBIT","SHELL OIL 10047042006  LIVE OAK      FL","24316055122325227796981; 05542; ; ; ;","-21.44"
"2025-05-06","CREDIT","INTERNET PAYMENT THANK YOU","INTERNET; ; ; ; ;","2000.00"
"2025-05-06","DEBIT","APPLE.COM/BILL         866-712-7753  CA","24692165125102304404898; 05818; ; ; ;","-20.84"
"2025-05-06","DEBIT","TARGET.COM  *          800-591-3869  MN","24431065126200781500001; 05310; ; ; ;","-125.91"
"2025-05-06","DEBIT","WDW GLOW MERCH         LAKE BUENA VI FL","24943005125200502251114; 05947; ; ; ;","-4.24"
"2025-05-06","DEBIT","WDW PINOCCHIO HAUS     LAKE BUENA VI FL","24943005125200501388412; 05814; ; ; ;","-42.34"
"2025-05-06","DEBIT","WDW LIBERTY SQUARE     LAKE BUENA VI FL","24943005125200501323591; 05814; ; ; ;","-18.62"
"2025-05-06","DEBIT","WDW CASEY'S CORNER     LAKE BUENA VI FL","24943005125200501111657; 05814; ; ; ;","-5.95"
"2025-05-06","DEBIT","BARROS SUPERMARKET     KISSIMMEE     FL","24239005125900014800059; 05411; ; ; ;","-8.06"
"2025-05-06","DEBIT","BARROS SUPERMARKET     KISSIMMEE     FL","24054495125030043186984; 05411; ; ; ;","-20.39"
"2025-05-07","DEBIT","Thales IFEC            Irvine        CA","24793385127000469589042; 04816; ; ; ;","-7.99"
"2025-05-07","DEBIT","THRIFT LOVE            COLUMBIA      TN","24116415126330119645340; 05931; ; ; ;","-33.48"
"2025-05-07","DEBIT","TARGET        00023622 SPRING HILL   TN","24164075126091008103188; 05411; ; ; ;","-121.93"
"2025-05-07","DEBIT","WHITS FROZEN CUSTARD   423-3222819   TN","24540455127010601619968; 05812; ; ; ;","-22.06"
"2025-05-08","DEBIT","CULVERS OF SPRING HILL SPRING HILL   TN","24943005128202266921822; 05814; ; ; ;","-12.60"
"2025-05-08","DEBIT","SLIM & HUSKIES         303-3429000   TN","24540455128015500357882; 05814; ; ; ;","-25.24"
"2025-05-08","DEBIT","TST*MARTINS BAR-B-QUE  Spring Hill   TN","24692165127104045016807; 05812; ; ; ;","-27.62"
"2025-05-08","DEBIT","SPIRIT AI4870433430169 800-7727117   FL","24717055127871274645589; 03260; ; BRAGA/W; 2025-05-09 ORLANDO FLA TO NASHVILLE ;","-165.99"
"2025-05-08","DEBIT","SOUTHWES 5262342200927 800-435-9792  TX","24692165127104487988026; 03066; ; BRAGA/WESLLEY MA; 2025-05-07 NASHVILLE TO ORLANDO FLA ;","-385.48"
"2025-05-09","DEBIT","Netflix.com            408-5403700   CA","24204295128001717977024; 04899; ; ; ;","-29.54"
"2025-05-09","DEBIT","AMAZON MKTPL*NB4241YF1 Amzn.com/bill WA","24692165128105305340943; 05942; ; ; ;","-67.97"
"2025-05-09","DEBIT","BOOST MEMBERSHIP       615-871-2400  TN","24445005128300454667349; 05411; ; ; ;","-8.99"
"2025-05-09","DEBIT","CULVERS OF SPRING HILL SPRING HILL   TN","24943005129202938059174; 05814; ; ; ;","-8.21"
"2025-05-09","DEBIT","DAILY'S COLUMBIA 8865  COLUMBIA      TN","24431055128144092191630; 05542; ; ; ;","-30.43"
"2025-05-09","DEBIT","CHICK-FIL-A #04121     SPRING HILL   TN","24427335128710028396519; 05814; ; ; ;","-13.21"
"2025-05-12","DEBIT","TARGET.COM  *          800-591-3869  MN","24431065131204586567218; 05310; ; ; ;","-52.85"
"2025-05-12","DEBIT","Prime Video Channels   amzn.com/bill WA","24692165132108455152088; 05818; ; ; ;","-14.22"
"2025-05-12","DEBIT","WHITS FROZEN CUSTARD   423-3222819   TN","24540455132010601589321; 05812; ; ; ;","-22.06"
"2025-05-12","DEBIT","CULVERS OF SPRING HILL SPRING HILL   TN","24943005132204826066282; 05814; ; ; ;","-33.32"
"2025-05-12","DEBIT","UBER   *TRIP           HELP.UBER.COM CA","24036295130714766050572; 04121; ; ; ;","-5.00"
"2025-05-12","DEBIT","UBER   *TRIP           HELP.UBER.COM CA","24036295130714766004066; 04121; ; ; ;","-17.99"
"2025-05-12","DEBIT","KROGER #592            FRANKLIN      TN","24445005130300489114214; 05411; ; ; ;","-42.79"
"2025-05-12","DEBIT","KROGER FUEL #9538      COLUMBIA      TN","24445005130300489114131; 05542; ; ; ;","-36.93"
"2025-05-12","DEBIT","MCDONALD'S F10352      FRANKLIN      TN","24427335130720239713846; 05814; ; ; ;","-14.21"
"2025-05-12","DEBIT","UBER   *TRIP           HELP.UBER.COM CA","24036295130718738270945; 04121; ; ; ;","-29.22"
"2025-05-12","DEBIT","7-ELEVEN 24162         ORLANDO       FL","24034545130002015025797; 05542; ; ; ;","-32.04"
"2025-05-12","DEBIT","KROGER                 866-576-4377  OH","24445005130100186799436; 05411; ; ; ;","-186.87"
"2025-05-12","DEBIT","BARROS SUPERMARKET     KISSIMMEE     FL","24239005129900011200408; 05411; ; ; ;","-12.54"
"2025-05-12","DEBIT","WHITS FROZEN CUSTARD   423-3222819   TN","24540455130010702560322; 05812; ; ; ;","-16.02"
"2025-05-12","DEBIT","CULVERS OF SPRING HILL SPRING HILL   TN","24943005130203613307984; 05814; ; ; ;","-12.60"
"2025-05-13","DEBIT","ANTHROPIC              ANTHROPIC.COM CA","24011345132100090994034; 05734; ; ; ;","-10.98"
"2025-05-13","DEBIT","THRIFT LOVE            COLUMBIA      TN","24116415132336701553067; 05931; ; ; ;","-22.66"
"2025-05-13","DEBIT","COLUMBIA POWER & WATER CPWS.EBILL.CO TN","24116415132747001423324; 04900; ; ; ;","-40.87"
"2025-05-13","DEBIT","FSP*MOONWALKS AND MORE 931-698-8216  TN","24445005132300430606951; 07394; ; ; ;","-50.00"
"2025-05-14","DEBIT","AMAZON RETA* NW5B009S2 WWW.AMAZON.CO WA","24011345133100071348613; 05331; ; ; ;","-38.40"
"2025-05-14","DEBIT","TARGET.COM             800-591-3869  MN","24431065133205730454581; 05310; ; ; ;","-55.94"
"2025-05-14","CREDIT","TARGET.COM             BROOKLYN PARK MN","74431065134205917271539; 05310; ; ; ;","12.57"
"2025-05-14","DEBIT","AHA INDIAN GRILL       SPRING HILL   TN","24000975133711600158641; 05812; ; ; ;","-50.22"
"2025-05-14","DEBIT","MDC*DUCK RIVER ELECTRI 931-6844621   TN","24755425134151349801247; 04900; ; ; ;","-173.89"
"2025-05-15","CREDIT","INTERNET PAYMENT THANK YOU","INTERNET; ; ; ; ;","2224.70"
"2025-05-15","DEBIT","SPOTIFY                877-778-1161  NY","24036295135744451502178; 04899; ; ; ;","-18.60"
"2025-05-15","DEBIT","TARGET.COM  *          800-591-3869  MN","24431065134206338619673; 05310; ; ; ;","-14.08"
"2025-05-15","DEBIT","TARGET.COM  *          800-591-3869  MN","24431065134206338583374; 05310; ; ; ;","-1.27"
"2025-05-15","DEBIT","DD/BR #350728 Q35      SPRING HILL   TN","24943005135206641204201; 05814; ; ; ;","-11.92"
"2025-05-16","DEBIT","AMAZON MKTPL*NZ42J2JU2 Amzn.com/bill WA","24692165136102003445421; 05942; ; ; ;","-32.66"
"2025-05-16","DEBIT","APPLE.COM/BILL         866-712-7753  CA","24692165136102006077239; 05818; ; ; ;","-13.13"
"2025-05-16","DEBIT","AMAZON MKTPL*NW1P43ZS0 Amzn.com/bill WA","24692165135101415662871; 05942; ; ; ;","-32.91"
"2025-05-16","DEBIT","Prime Video Channels   amzn.com/bill WA","24692165135101605185519; 05818; ; ; ;","-5.46"
"2025-05-16","DEBIT","MCDONALD'S F10818      COLUMBIA      TN","24427335135720259031496; 05814; ; ; ;","-8.32"
"2025-05-16","DEBIT","T-OP COLD GRILL ICE CR SPRING HILL   TN","24765015135339927023542; 05812; ; ; ;","-36.28"
"2025-05-19","DEBIT","KROGER #538            COLUMBIA      TN","24445005138300463019142; 05411; ; ; ;","-37.84"
"2025-05-19","DEBIT","SOUTHWES 5262346176116 800-435-9792  TX","24692165138104535918675; 03066; ; BRAGA SILVA/NOEL; 2025-06-20 FT.LAUDERDAL TO NASHVILLE NASHVILLE TO FT.LAUDERDAL;","-256.96"
"2025-05-19","DEBIT","THRIFT LOVE            COLUMBIA      TN","24116415137342248003199; 05931; ; ; ;","-11.57"
"2025-05-19","DEBIT","AMAZON MKTPL*NZ5UN3VD2 Amzn.com/bill WA","24692165137103639531948; 05942; ; ; ;","-21.93"
"2025-05-19","DEBIT","WHITS FROZEN CUSTARD   423-3222819   TN","24540455138010602111269; 05812; ; ; ;","-22.06"
"2025-05-19","DEBIT","GREAT WHITE EXPRESS WA SPRING HILL   TN","24269795137500925569309; 07542; ; ; ;","-25.00"
"2025-05-19","DEBIT","KROGER                 866-576-4377  OH","24445005137100191591508; 05411; ; ; ;","-347.64"
"2025-05-19","DEBIT","TARGET.COM  *          WWW.TARGET.CO MN","24431065136207660996950; 05310; ; ; ;","-41.55"
"2025-05-19","DEBIT","LOWES #02474*          SPRING HILL   TN","24692165136102744151429; 05200; ; ; ;","-7.66"
"2025-05-19","DEBIT","PUBLIX #1047           SPRING HILL   TN","24137465137600363382122; 05411; ; ; ;","-18.84"
"2025-05-19","DEBIT","CULVERS OF SPRING HILL SPRING HILL   TN","24943005137208085292476; 05814; ; ; ;","-7.23"
"2025-05-19","DEBIT","TACO BELL 034958       COLUMBIA      TN","24943005136207567690463; 05814; ; ; ;","-18.06"
"2025-05-19","DEBIT","DAILY'S COLUMBIA 8865  COLUMBIA      TN","24431055136147876292243; 05542; ; ; ;","-44.36"
"2025-05-20","DEBIT","RETURNED PAYMENT FEE","; ; ; ; ;","-30.00"
"2025-05-20","DEBIT","TARGET.COM             WWW.TARGET.CO MN","24431065139209502383253; 05310; ; ; ;","-4.25"
"2025-05-20","DEBIT","Spectrum               855-707-7328  MO","24692165139105165683892; 04899; ; ; ;","-69.99"
"2025-05-20","DEBIT","ATMOS ENERGY           888-286-6700  TX","24692165140105582469278; 04900; ; ; ;","-27.46"
"2025-05-20","DEBIT","BP#1376700BATTLEGROUND SPRING HILL   TN","24122545140344515647667; 05542; ; ; ;","-42.12"
"2025-05-20","DEBIT","WHITS FROZEN CUSTARD   423-3222819   TN","24540455140010601540969; 05812; ; ; ;","-19.02"
"2025-05-21","DEBIT","AMAZON PRIME*NW6YA9R41 Amzn.com/bill WA","24692165140105737905036; 05968; ; ; ;","-16.41"
"2025-05-21","DEBIT","TOWNE COFFEE           COLUMBIA      TN","24687205140030021898922; 05812; ; ; ;","-15.83"
"2025-05-22","DEBIT","AMAZON MKTPL*NZ2B33TZ1 Amzn.com/bill WA","24692165141107236457542; 05942; ; ; ;","-21.94"
"2025-05-22","DEBIT","THE PEACH T            6154349049    TN","24198805141520309690023; 07991; ; ; ;","-58.71"
"2025-05-23","DEBIT","SUNPASS*ACC135826267   888-865-5352  FL","24055235143347842752072; 04784; ; ; ;","-23.62"
"2025-05-23","DEBIT","CURSOR AI POWERED IDE CURSOR.COM    NY","24011345142100124843148; 05734; ; ; ;","-21.95"
"2025-05-23","DEBIT","THRIFT LOVE            COLUMBIA      TN","24116415142347640831082; 05931; ; ; ;","-99.30"
"2025-05-23","DEBIT","AHA INDIAN GRILL       SPRING HILL   TN","24000975142763401080028; 05812; ; ; ;","-65.75"
"2025-05-23","DEBIT","CULVERS OF SPRING HILL SPRING HILL   TN","24943005143211904106606; 05814; ; ; ;","-8.98"
"2025-05-23","DEBIT","TOWNE COFFEE           COLUMBIA      TN","24687205142030023103642; 05812; ; ; ;","-39.11"
"2025-05-27","CREDIT","INTERNET PAYMENT THANK YOU","INTERNET; ; ; ; ;","1498.50"
"2025-05-27","DEBIT","PUBLIX #1047           SPRING HILL   TN","24137465147001135097981; 05411; ; ; ;","-80.43"
"2025-05-27","DEBIT","KROGER #538            COLUMBIA      TN","24445005146300428924782; 05411; ; ; ;","-40.94"
"2025-05-27","DEBIT","KROGER                 866-576-4377  OH","24445005145100261275628; 05411; ; ; ;","-311.74"
"2025-05-27","CREDIT","KROGER                 CINCINNATI    OH","74445005144300823768534; 05411; ; ; ;","3.73"
"2025-05-27","DEBIT","TARGET.COM             800-591-3869  MN","24431065144212363446477; 05310; ; ; ;","-41.30"
"2025-05-27","DEBIT","WHITS FROZEN CUSTARD   423-3222819   TN","24540455144010702215871; 05812; ; ; ;","-12.35"
"2025-05-27","DEBIT","HEALTHY PETZ VETERINAR SPRING HILL   TN","24632695143500741670863; 00742; ; ; ;","-97.00"
"2025-05-27","DEBIT","SHELL OIL 12490838005  SPRING HILL   TN","24316055143348222140786; 05542; ; ; ;","-27.24"
"2025-05-28","DEBIT","AMAZON MKTPL*N69RD7CK2 Amzn.com/bill WA","24692165148102933704380; 05942; ; ; ;","-28.52"
"2025-05-28","DEBIT","AMAZON MKTPL*NN8DG3F90 Amzn.com/bill WA","24692165147102337356069; 05942; ; ; ;","-57.13"
"2025-05-28","DEBIT","TARGET.COM             800-591-3869  MN","24431065147214627412623; 05310; ; ; ;","-11.90"
"2025-05-29","DEBIT","TARGET.COM             WWW.TARGET.CO MN","24431065148215266478675; 05310; ; ; ;","-30.89"
"2025-05-29","DEBIT","TARGET.COM             800-591-3869  MN","24431065148215356712355; 05310; ; ; ;","-113.98"
"2025-05-29","DEBIT","AHA INDIAN GRILL       SPRING HILL   TN","24000975148797000745460; 05812; ; ; ;","-54.79"
"2025-05-30","DEBIT","THRIFT LOVE            COLUMBIA      TN","24116415149355209827998; 05931; ; ; ;","-42.23"
"2025-06-02","DEBIT","WHITS FROZEN CUSTARD   423-3222819   TN","24540455153010601451682; 05812; ; ; ;","-20.69"
"2025-06-02","DEBIT","THE HOME DEPOT #0775   SPRING HILL   TN","24943015152010215577647; 05200; ; ; ;","-24.96"
"2025-06-02","DEBIT","APPLE.COM/BILL         866-712-7753  CA","24692165151106043238399; 05818; ; ; ;","-9.99"
"2025-06-02","DEBIT","AMAZON MKTPL*NN1UW7W51 Amzn.com/bill WA","24692165151106235184930; 05942; ; ; ;","-10.96"
"2025-06-02","DEBIT","AMAZON MKTPL*NN4XB6KG0 Amzn.com/bill WA","24692165151106246831453; 05942; ; ; ;","-48.15"
"2025-06-02","DEBIT","LIGHT HILL MEATS       SPRING HILL   TN","24055235152357907866178; 05411; ; ; ;","-37.56"
"2025-06-02","DEBIT","TST*MARTINS BAR-B-QUE  Spring Hill   TN","24692165151105642240707; 05812; ; ; ;","-47.13"
"2025-06-02","DEBIT","FAST STOP 1            SPRING HILL   TN","24034545151006533743835; 05542; ; ; ;","-43.93"
"2025-06-02","DEBIT","KROGER                 866-576-4377  OH","24445005151100206513696; 05411; ; ; ;","-181.42"
"2025-06-02","CREDIT","KROGER                 CINCINNATI    OH","74445005150300879820693; 05411; ; ; ;","14.73"
"2025-06-02","DEBIT","GOOGLE *YouTubePremium g.co/helppay# CA","24692165150104762476150; 05818; ; ; ;","-15.32"
"2025-06-02","DEBIT","THE HOME DEPOT #0775   SPRING HILL   TN","24943015150010205572972; 05200; ; ; ;","-19.69"
"2025-06-02","DEBIT","TOWNE COFFEE           COLUMBIA      TN","24687205150030024169278; 05812; ; ; ;","-13.19"
"2025-06-03","DEBIT","TARGET.COM             800-591-3869  MN","24431065153218489989165; 05310; ; ; ;","-43.89"
"2025-06-03","DEBIT","VILLAGES               WWW.VILLAGESC TN","24064665154100000880455; 08099; ; ; ;","-240.00"
"2025-06-03","DEBIT","FAMILY EYE CARE PLLC   COLUMBIA      TN","24829135153300824539839; 08042; ; ; ;","-180.00"
"2025-06-03","DEBIT","TOWNE COFFEE           COLUMBIA      TN","24687205153030042067709; 05812; ; ; ;","-16.46"
"2025-06-04","DEBIT","SQ *LIKE NEW USED FURN SPRING HILL   TN","24692165154109025953073; 05712; ; ; ;","-82.31"
"2025-06-04","DEBIT","AHA INDIAN GRILL       SPRING HILL   TN","24000975154831402424308; 05812; ; ; ;","-64.65"
"2025-06-05","CREDIT","INTERNET PAYMENT THANK YOU","INTERNET; ; ; ; ;","2000.00"
"2025-06-05","DEBIT","MARSHALLS #1297        SPRING HILL   TN","24137465156001326382976; 05310; ; ; ;","-43.32"
"2025-06-05","DEBIT","RACETRAC2557  00025577 SPRING HILL   TN","24164075155974695379803; 05542; ; ; ;","-39.78"
"2025-06-06","DEBIT","AMAZON MKTPL*N677G7S31 Amzn.com/bill WA","24692165156100581830142; 05942; ; ; ;","-31.68"
"2025-06-06","DEBIT","KROGER                 866-576-4377  OH","24445005156100161019650; 05411; ; ; ;","-58.71"
"2025-06-06","DEBIT","TOWNE COFFEE           COLUMBIA      TN","24687205156030023468337; 05812; ; ; ;","-15.78"
"2025-06-09","DEBIT","Netflix.com            408-5403700   CA","24204295159001776908078; 04899; ; ; ;","-29.54"
"2025-06-09","DEBIT","KROGER FUEL #9538      COLUMBIA      TN","24445005158300443039462; 05542; ; ; ;","-40.79"
"2025-06-09","DEBIT","KROGER                 866-576-4377  OH","24445005157100169443562; 05411; ; ; ;","-228.69"
"2025-06-09","CREDIT","KROGER                 CINCINNATI    OH","74445005156300833572418; 05411; ; ; ;","1.68"
"2025-06-09","CREDIT","KROGER                 CINCINNATI    OH","74445005156300833572335; 05411; ; ; ;","1.68"
"2025-06-10","DEBIT","VILLAGES               WWW.VILLAGESC TN","24064665161100000271441; 08099; ; ; ;","-120.00"
"2025-06-10","DEBIT","AMAZON MKTPL*NA1DU8C62 Amzn.com/bill WA","24692165160104490007119; 05942; ; ; ;","-18.10"
"2025-06-10","DEBIT","BOOST MEMBERSHIP       615-871-2400  TN","24445005160300441735216; 05411; ; ; ;","-8.99"
"2025-06-10","DEBIT","DUNKIN #356082         COLUMBIA      TN","24943005161223357207622; 05814; ; ; ;","-3.94"
"2025-06-11","DEBIT","TARGET.COM  *          800-591-3869  MN","24431065161223737768783; 05310; ; ; ;","-38.38"
"2025-06-11","DEBIT","COLUMBIA POWER & WATER CPWS.EBILL.CO TN","24116415161747001701129; 04900; ; ; ;","-38.01"
"2025-06-11","DEBIT","AMAZON MKTPL*NH4WS9BS0 Amzn.com/bill WA","24692165162105494780088; 05942; ; ; ;","-13.08"
"2025-06-11","DEBIT","AMAZON MKTPL*NA1MP7JZ2 Amzn.com/bill WA","24692165162105502093607; 05942; ; ; ;","-23.04"
"2025-06-12","DEBIT","TARGET.COM  *          WWW.TARGET.CO MN","24431065162224315540205; 05310; ; ; ;","-95.26"
"2025-06-12","DEBIT","KROGER                 866-576-4377  OH","24445005162100163777976; 05411; ; ; ;","-235.13"
"2025-06-12","CREDIT","KROGER                 CINCINNATI    OH","74445005161300792465318; 05411; ; ; ;","6.39"
"2025-06-13","DEBIT","AMAZON RETA* NH1BW4U60 WWW.AMAZON.CO WA","24011345163100071175845; 05331; ; ; ;","-19.72"
"2025-06-13","DEBIT","SHELL OIL 21575220117  COLUMBIA      TN","24316055163370342046730; 05542; ; ; ;","-42.58"
"2025-06-16","DEBIT","APPLE.COM/BILL         866-712-7753  CA","24692165167100194958576; 05818; ; ; ;","-13.13"
"2025-06-16","DEBIT","LEE COMPANY INC        FRANKLIN      TN","24801975167374786108169; 01711; ; ; ;","-168.00"
"2025-06-16","DEBIT","SPOTIFY                877-778-1161  NY","24036295166742962164449; 04899; ; ; ;","-18.60"
"2025-06-16","DEBIT","LIGHT HILL MEATS       SPRING HILL   TN","24055235166373702979979; 05411; ; ; ;","-87.25"
"2025-06-16","DEBIT","LPY*BEASLEY'S YARD     COLUMBIA      TN","24910595166373553657080; 00780; ; ; ;","-144.87"
"2025-06-16","DEBIT","WALMART.COM            800-925-6278  AR","24055235165372385292032; 05310; ; ; ;","-218.40"
"2025-06-16","DEBIT","TOWNE COFFEE           COLUMBIA      TN","24687205166030046262111; 05812; ; ; ;","-8.23"
"2025-06-16","DEBIT","AMAZON MKTPL*NA2TA6ON1 Amzn.com/bill WA","24692165164107930862734; 05942; ; ; ;","-38.40"
"2025-06-16","DEBIT","MCDONALD'S F10818      COLUMBIA      TN","24427335164720263046948; 05814; ; ; ;","-13.15"
"2025-06-16","DEBIT","MDC*DUCK RIVER ELECTRI 931-6844621   TN","24755425165161659877622; 04900; ; ; ;","-194.72"
"2025-06-17","DEBIT","STARBUCKS 58646        TAFT          TN","24445005168000799628177; 05814; ; ; ;","-20.00"
"2025-06-17","DEBIT","KROGER                 866-576-4377  OH","24445005167100157028621; 05411; ; ; ;","-228.53"
"2025-06-17","CREDIT","KROGER                 CINCINNATI    OH","74445005166300882293047; 05411; ; ; ;","7.46"
"2025-06-17","DEBIT","ESTATE SALES BY SHEILA ANTIOCH       TN","24071505167030036300448; 05931; ; ; ;","-60.00"
"2025-06-18","DEBIT","THRIFT LOVE            COLUMBIA      TN","24116415168376571689432; 05931; ; ; ;","-22.73"
"2025-06-18","DEBIT","ATMOS ENERGY           888-286-6700  TX","24692165169101831507725; 04900; ; ; ;","-22.80"
"2025-06-18","DEBIT","AMAZON MKTPL*NA6TL2921 Amzn.com/bill WA","24692165169101847908768; 05942; ; ; ;","-28.52"
"2025-06-18","DEBIT","DOLLAR TREE            SPRING HILL   TN","24445005169000760774454; 05331; ; ; ;","-13.72"
"2025-06-18","DEBIT","TOWNE COFFEE           COLUMBIA      TN","24687205168030021813407; 05812; ; ; ;","-5.21"
"2025-06-20","CREDIT","INTERNET PAYMENT THANK YOU","INTERNET; ; ; ; ;","2713.49"
"2025-06-20","DEBIT","TST* COSTA VIDA - SPRI SPRING HILL   TN","24137465170100305938337; 05812; ; ; ;","-19.17"
"2025-06-20","DEBIT","Spectrum               855-707-7328  MO","24692165170100238021006; 04899; ; ; ;","-84.99"
"2025-06-20","DEBIT","WALMART.COM            800-925-6278  AR","24055235170378654804913; 05310; ; ; ;","-73.46"
"2025-06-20","DEBIT","GAMESTOP #6199         COLUMBIA      TN","24445005171000772141201; 07993; ; ; ;","-32.91"
"2025-06-20","DEBIT","SHELL OIL 57544157308  COLUMBIA      TN","24316055170378319787203; 05542; ; ; ;","-46.01"
"2025-06-20","DEBIT","TARGET.COM  *          800-591-3869  MN","24431065169229081937330; 05310; ; ; ;","-131.40"
"2025-06-23","DEBIT","CURSOR AI POWERED IDE CURSOR.COM    NY","24011345173100118461255; 05734; ; ; ;","-21.95"
"2025-06-23","DEBIT","TARGET.COM  *          800-591-3869  MN","24431065173231669868055; 05310; ; ; ;","-52.53"
"2025-06-23","DEBIT","MARSHALLS #1297        SPRING HILL   TN","24137465174001173382697; 05310; ; ; ;","-83.34"
"2025-06-23","DEBIT","KROGER                 866-576-4377  OH","24445005173100266742908; 05411; ; ; ;","-148.86"
"2025-06-23","DEBIT","KROGER #538            COLUMBIA      TN","24445005172300455847598; 05411; ; ; ;","-50.02"
"2025-06-23","DEBIT","SPEEDWAY 7176 1535 NAS COLUMBIA      TN","24137465173001251838223; 05541; ; ; ;","-11.72"
"2025-06-23","DEBIT","KROGER                 866-576-4377  OH","24445005172100210339711; 05411; ; ; ;","-46.55"
"2025-06-23","DEBIT","AMAZON PRIME*NO8JV24G0 Amzn.com/bill WA","24692165171100877088430; 05968; ; ; ;","-16.41"
"2025-06-23","DEBIT","AMAZON MKTPL*NO28U9A31 Amzn.com/bill WA","24692165171101156942891; 05942; ; ; ;","-30.36"
"2025-06-23","DEBIT","COOL SPRINGS PEDIATRIC FRANKLIN      TN","24412895171027014219530; 08011; ; ; ;","-2.09"
"2025-06-23","DEBIT","DUNKIN #362814         FRANKLIN      TN","24943005172230642675619; 05814; ; ; ;","-12.97"
"2025-06-23","DEBIT","TOWNE COFFEE           COLUMBIA      TN","24687205171030025008264; 05812; ; ; ;","-16.46"
"2025-06-24","DEBIT","AMAZON RETA* NO0710KO1 WWW.AMAZON.CO WA","24011345174100079093260; 05331; ; ; ;","-5.29"
"2025-06-24","DEBIT","AMAZON RETA* NO1OL2QA0 WWW.AMAZON.CO WA","24011345174100079123802; 05331; ; ; ;","-29.21"
"2025-06-24","DEBIT","SPEECH THERAPY SERVICE support@simpl TN","24011345174100099535670; 08099; ; ; ;","-80.00"
"2025-06-24","DEBIT","MARATHON PETRO42622    COLUMBIA      TN","24034545174004517380206; 05541; ; ; ;","-20.00"
"2025-06-24","DEBIT","WALGREENS #7659        COLUMBIA      TN","24445005175000797584886; 05912; ; ; ;","-22.64"
"2025-06-24","DEBIT","DUNKIN #356082         COLUMBIA      TN","24943005175232548189817; 05814; ; ; ;","-3.94"
"2025-06-25","DEBIT","SPEECH THERAPY SERVICE support@simpl TN","24011345175100097804903; 08099; ; ; ;","-80.00"
"2025-06-25","DEBIT","TARGET.COM  *          WWW.TARGET.CO MN","24431065175232909966145; 05310; ; ; ;","-26.57"
"2025-06-25","DEBIT","TARGET.COM  *          WWW.TARGET.CO MN","24431065175232909813271; 05310; ; ; ;","-15.99"
"2025-06-25","DEBIT","AHA INDIAN GRILL       SPRING HILL   TN","24000975175951601287176; 05812; ; ; ;","-64.65"
"2025-06-25","DEBIT","PHR*HeritageMedicalAss Brentwood     TN","24906415175232281541709; 08011; ; ; ;","-60.00"
"2025-06-25","DEBIT","TOWNE COFFEE           COLUMBIA      TN","24687205175030022107776; 05812; ; ; ;","-33.25"
"2025-06-25","DEBIT","SOUTHWES 5262358834954 800-435-9792  TX","24692165175104965487468; 03066; ; BRAGA SILVA/NOEL; 2025-06-30 NASHVILLE TO FT.LAUDERDAL ;","-256.00"
"2025-06-27","DEBIT","THRIFT LOVE            COLUMBIA      TN","24116415177386792888191; 05931; ; ; ;","-56.84"
"2025-06-27","DEBIT","WHITS FROZEN CUSTARD   423-3222819   TN","24540455177010601709511; 05812; ; ; ;","-26.94"
"2025-06-30","DEBIT","GAMESTOP #4826         FRANKLIN      TN","24445005181000734340527; 07993; ; ; ;","-73.50"
"2025-06-30","DEBIT","TACO BELL 030711       SPRING HILL   TN","24943005180236151805323; 05814; ; ; ;","-24.19"
"2025-06-30","DEBIT","WHITS FROZEN CUSTARD   423-3222819   TN","24540455180010702021316; 05812; ; ; ;","-9.87"
"2025-06-30","DEBIT","DAILY'S COLUMBIA 8865  COLUMBIA      TN","24431055179168207477046; 05542; ; ; ;","-44.36"
"2025-06-30","DEBIT","TARGET.COM             WWW.TARGET.CO MN","24431065178234875244363; 05310; ; ; ;","-48.48"
"2025-06-30","DEBIT","AMAZON RETA* NQ8R15P80 WWW.AMAZON.CO WA","24011345178100104037585; 05331; ; ; ;","-20.03"
"2025-06-30","DEBIT","AMAZON MKTPL*NQ7TL11L0 Amzn.com/bill WA","24692165178107562926504; 05942; ; ; ;","-81.60"
"2025-06-30","DEBIT","CLAUDE.AI SUBSCRIPTION ANTHROPIC.COM CA","24011345179100043289809; 05734; ; ; ;","-21.95"
"2025-06-30","DEBIT","WHITS FROZEN CUSTARD   423-3222819   TN","24540455179010702100683; 05812; ; ; ;","-39.22"
"2025-06-30","DEBIT","KROGER                 866-576-4377  OH","24445005178100161767286; 05411; ; ; ;","-227.70"
"2025-07-01","DEBIT","GOOGLE *YouTubePremium g.co/helppay# CA","24692165181100012312123; 05818; ; ; ;","-15.32"
"2025-07-01","DEBIT","ALLENHILL PHARMACY     FRANKLIN      TN","24116415182391525267310; 05912; ; ; ;","-50.00"
"2025-07-01","DEBIT","APPLE.COM/BILL         866-712-7753  CA","24692165182100689197079; 05818; ; ; ;","-9.99"
"2025-07-02","DEBIT","SPEECH THERAPY SERVICE support@simpl TN","24011345182100120155365; 08099; ; ; ;","-80.00"
"2025-07-02","DEBIT","SPEEDWAY 7176 1535 NAS COLUMBIA      TN","24137465183001300839832; 05542; ; ; ;","-44.50"
"2025-07-02","DEBIT","KROGER                 866-576-4377  OH","24445005182100151878584; 05411; ; ; ;","-170.11"
"2025-07-03","DEBIT","OPENROUTER INC        OPENROUTER.AI NY","24492165184100013380243; 05734; ; ; ;","-10.80"
"2025-07-03","DEBIT","al.Nord*VPNcom         208-6388607   NY","24204295183001723677065; 07372; ; ; ;","-65.27"
"2025-07-03","DEBIT","KROGER #538            COLUMBIA      TN","24445005183300481514995; 05411; ; ; ;","-41.49"
"2025-07-03","DEBIT","TOWNE COFFEE           COLUMBIA      TN","24687205183030023431522; 05812; ; ; ;","-14.09"
"2025-07-07","CREDIT","INTERNET PAYMENT THANK YOU","INTERNET; ; ; ; ;","500.00"
"2025-07-07","DEBIT","WHITS FROZEN CUSTARD   423-3222819   TN","24540455188012001548710; 05812; ; ; ;","-14.87"
"2025-07-07","DEBIT","ZAXBY'S #61401         SPRING HILL   TN","24692165187105905188054; 05814; ; ; ;","-22.59"
"2025-07-07","DEBIT","WHITS FROZEN CUSTARD   423-3222819   TN","24540455187010601868042; 05812; ; ; ;","-9.87"
"2025-07-07","DEBIT","AMAZON RETA* N32SA4HK1 WWW.AMAZON.CO WA","24011345185100106712798; 05331; ; ; ;","-32.91"
"2025-07-07","DEBIT","PUBLIX #1047           SPRING HILL   TN","24137465186001095244625; 05411; ; ; ;","-33.27"
"2025-07-07","DEBIT","CULVERS OF SPRING HILL SPRING HILL   TN","24943005186239896699856; 05814; ; ; ;","-23.67"
"2025-07-07","DEBIT","KROGER                 866-576-4377  OH","24445005185100195872020; 05411; ; ; ;","-196.23"
"2025-07-07","DEBIT","10 MAD FIREWORKS       COLUMBIA      TN","24207855185036200649886; 05999; ; ; ;","-55.87"
"2025-07-07","CREDIT","KROGER                 CINCINNATI    OH","74445005184300976792423; 05411; ; ; ;","9.60"
"2025-07-07","DEBIT","AMAZON RETA* N33K39XQ0 WWW.AMAZON.CO WA","24011345184100097423562; 05331; ; ; ;","-56.52"
"2025-07-07","DEBIT","TARGET.COM  *          800-591-3869  MN","24431065184238875162816; 05310; ; ; ;","-105.90"
"2025-07-07","DEBIT","TARGET.COM  *          800-591-3869  MN","24431065184238875085546; 05310; ; ; ;","-44.84"
"2025-07-07","DEBIT","SQ *JJ'S BARBECUE OF C COLUMBIA      TN","24692165184102547616462; 05812; ; ; ;","-49.46"
"2025-07-07","DEBIT","LOWES #02474*          SPRING HILL   TN","24692165184102696306832; 05200; ; ; ;","-16.46"
"2025-07-08","DEBIT","TARGET.COM  *          800-591-3869  MN","24431065188241418150815; 05310; ; ; ;","-69.35"
"2025-07-09","CREDIT","INTERNET PAYMENT THANK YOU","INTERNET; ; ; ; ;","2000.00"
"2025-07-09","DEBIT","NETFLIX.COM            NETFLIX.COM   CA","24692165189107529696502; 04899; ; ; ;","-29.54"
"2025-07-09","DEBIT","TARGET.COM  *          800-591-3869  MN","24431065189241955176925; 05310; ; ; ;","-14.26"
"2025-07-09","DEBIT","TARGET.COM  *          800-591-3869  MN","24431065189241952772544; 05310; ; ; ;","-2.19"
"2025-07-09","CREDIT","TARGET.COM             BROOKLYN PARK MN","74431065189241980381842; 05310; ; ; ;","16.45"
"2025-07-09","DEBIT","THRIFT LOVE            COLUMBIA      TN","24116415189400344721747; 05931; ; ; ;","-18.94"
"2025-07-09","DEBIT","MCDONALD'S F26871      SPRING HILL   TN","24427335189720253573225; 05814; ; ; ;","-4.16"
"2025-07-10","CREDIT","INTERNET PAYMENT THANK YOU","INTERNET; ; ; ; ;","492.39"
"2025-07-10","DEBIT","NEW LEAF PUBLISHING GR 870-438-5288  AR","24116415191716430454877; 02741; ; ; ;","-7.65"
"2025-07-10","DEBIT","RAINBOW RESOURCE CENTE 309-695-3200  IL","24116415191716430055633; 05942; ; ; ;","-77.37"
"2025-07-10","DEBIT","ALL ABOUT LEARNING     715-4771976   WI","24755425190271906639219; 08299; ; ; ;","-129.90"
"2025-07-10","DEBIT","GOODANDBEAU            801-641-5514  UT","24027625191067173494627; 08299; ; ; ;","-132.15"
"2025-07-10","DEBIT","KROGER                 866-576-4377  OH","24445005190100143813467; 05411; ; ; ;","-204.68"
"2025-07-10","DEBIT","SHELL OIL 21575220180  COLUMBIA      TN","24316055190400875738135; 05542; ; ; ;","-45.26"
"2025-07-11","DEBIT","COLUMBIA POWER & WATER CPWS.EBILL.CO TN","24116415191747001989314; 04900; ; ; ;","-43.26"
"2025-07-11","DEBIT","BOOST MEMBERSHIP       615-871-2400  TN","24445005191300457551773; 05411; ; ; ;","-8.99"
"2025-07-11","DEBIT","UMAMI JAPANESE STEAKHO COLUMBIA      TN","24765015191402611186560; 05812; ; ; ;","-64.16"
"2025-07-14","DEBIT","TARGET.COM  *          800-591-3869  MN","24431065194245387735193; 05310; ; ; ;","-18.65"
"2025-07-14","DEBIT","MDC*DUCK RIVER ELECTRI 931-6844621   TN","24755425195731958976020; 04900; ; ; ;","-255.49"
"2025-07-14","DEBIT","TARGET.COM  *          800-591-3869  MN","24431065193244698862169; 05310; ; ; ;","-55.95"
"2025-07-14","DEBIT","VICTORS TACOS          COLUMBIA      TN","24000975194051006662805; 05812; ; ; ;","-27.78"
"2025-07-14","DEBIT","AMZ*Cyberpower Inc.    techsupport@c CA","24692165193100932246878; 05732; ; ; ;","-1617.77"
"2025-07-14","DEBIT","THRIFT LOVE            COLUMBIA      TN","24116415192403844137567; 05931; ; ; ;","-27.30"
"2025-07-14","DEBIT","AMAZON MKTPL*NR6GD7PF2 Amzn.com/bill WA","24692165193100723974522; 05942; ; ; ;","-27.39"
"2025-07-15","DEBIT","SPOTIFY                877-778-1161  NY","24036295196716113091648; 04899; ; ; ;","-18.60"
"2025-07-15","DEBIT","APPLE.COM/BILL         866-712-7753  CA","24692165196103550919005; 05818; ; ; ;","-74.58"
"2025-07-15","DEBIT","TARGET.COM  *          800-591-3869  MN","24431065195245992843217; 05310; ; ; ;","-4.87"
"2025-07-15","DEBIT","KROGER #538            COLUMBIA      TN","24445005195300440508852; 05411; ; ; ;","-46.94"
"2025-07-16","CREDIT","INTERNET PAYMENT THANK YOU","INTERNET; ; ; ; ;","500.00"
"2025-07-16","DEBIT","TARGET.COM  *          800-591-3869  MN","24431065196246536650182; 05310; ; ; ;","-46.02"
"2025-07-16","DEBIT","AMAZON MKTPL*ZI7M85OK3 Amzn.com/bill WA","24692165196104332407780; 05942; ; ; ;","-51.97"
"2025-07-16","DEBIT","HOBBY-LOBBY #0107      COLUMBIA      TN","24137465196200232747478; 05945; ; ; ;","-26.19"
"2025-07-17","CREDIT","INTERNET PAYMENT THANK YOU","INTERNET; ; ; ; ;","3000.00"
"2025-07-18","DEBIT","AMAZON RETA* SV6VC5FX3 WWW.AMAZON.CO WA","24011345198100111930356; 05331; ; ; ;","-52.78"
"2025-07-18","DEBIT","THRIFT LOVE            COLUMBIA      TN","24116415198410699958330; 05931; ; ; ;","-42.91"
"2025-07-18","DEBIT","SPEEDWAY 7176 1535 NAS COLUMBIA      TN","24137465199001332475029; 05542; ; ; ;","-39.39"
"2025-07-18","DEBIT","ATMOS ENERGY           888-286-6700  TX","24692165198105680713990; 04900; ; ; ;","-22.80"
"2025-07-18","DEBIT","TACO BELL 034958       COLUMBIA      TN","24943005198247790690414; 05814; ; ; ;","-19.93"
"2025-07-18","DEBIT","KROGER                 866-576-4377  OH","24445005198100137390649; 05411; ; ; ;","-168.40"
"2025-07-21","DEBIT","AMAZON PRIME*OR7215LW3 Amzn.com/bill WA","24692165201108670616525; 05968; ; ; ;","-16.41"
"2025-07-21","DEBIT","TARGET.COM  *          800-591-3869  MN","24431065201249906929999; 05310; ; ; ;","-41.23"
"2025-07-21","DEBIT","TARGET.COM  *          800-591-3869  MN","24431065201249970840858; 05310; ; ; ;","-3.73"
"2025-07-21","DEBIT","KROGER                 866-576-4377  OH","24445005201100255183243; 05411; ; ; ;","-53.27"
"2025-07-21","DEBIT","Spectrum               855-707-7328  MO","24692165200108009674972; 04899; ; ; ;","-84.99"
"2025-07-21","DEBIT","DOLLAR TREE            SPRING HILL   TN","24445005201000749875380; 05331; ; ; ;","-2.74"
"2025-07-21","DEBIT","GAMESTOP #6199         COLUMBIA      TN","24445005200000861483352; 07993; ; ; ;","-54.86"
"2025-07-21","DEBIT","PANERA BREAD #606028 P SPRING HILL   TN","24692165199106805412780; 05814; ; ; ;","-29.17"
"2025-07-21","DEBIT","COOL SPRINGS PEDIATRIC FRANKLIN      TN","24412895199027014058662; 08011; ; ; ;","-69.81"
"2025-07-22","DEBIT","KROGER                 866-576-4377  OH","24445005202100147559948; 05411; ; ; ;","-241.08"
"2025-07-23","DEBIT","AMAZON RETA* WX8QM2BZ3 WWW.AMAZON.CO WA","24011345203100071498736; 05331; ; ; ;","-36.25"
"2025-07-23","DEBIT","AMAZON RETA* 882DS9RP3 WWW.AMAZON.CO WA","24011345203100084804045; 05331; ; ; ;","-25.22"
"2025-07-23","DEBIT","TOWNE COFFEE           COLUMBIA      TN","24687205203030022058587; 05812; ; ; ;","-16.19"
"2025-07-24","CREDIT","INTERNET PAYMENT THANK YOU","INTERNET; ; ; ; ;","800.00"
"2025-07-24","DEBIT","AMAZON MKTPL*LS5GG1II3 Amzn.com/bill WA","24692165204101870257700; 05942; ; ; ;","-52.12"
"2025-07-25","DEBIT","AMAZON RETA* YF3C60E83 WWW.AMAZON.CO WA","24011345206100038639221; 05331; ; ; ;","-9.28"
"2025-07-25","DEBIT","THRIFT LOVE            COLUMBIA      TN","24116415205418791020579; 05931; ; ; ;","-11.31"
"2025-07-25","DEBIT","WHITS FROZEN CUSTARD   423-3222819   TN","24540455206010601874955; 05812; ; ; ;","-16.45"
"2025-07-25","DEBIT","CABIN COFFEE - COLUMBI COLUMBIA      TN","24269795205500731225044; 05814; ; ; ;","-54.11"
"2025-07-25","DEBIT","FIVE BELOW 6370        COLUMBIA      TN","24137465205500931358330; 05331; ; ; ;","-32.54"
"2025-07-25","DEBIT","SHELL OIL 21575220180  COLUMBIA      TN","24316055205418208485227; 05542; ; ; ;","-44.11"
"2025-07-25","DEBIT","SCHOOL OF ROCK FRANKLI 203-6095211   TN","24005955205900010300113; 08299; ; ; ;","-180.00"
"2025-07-25","DEBIT","UMAMI JAPANESE STEAKHO COLUMBIA      TN","24765015205418761211390; 05812; ; ; ;","-70.69"
"2025-07-28","DEBIT","CLAUDE.AI SUBSCRIPTION ANTHROPIC.COM CA","24011345209100016711437; 05734; ; ; ;","-21.95"
"2025-07-28","DEBIT","PUBLIX #1047           SPRING HILL   TN","24137465209001222056101; 05411; ; ; ;","-184.89"
"2025-07-28","DEBIT","CULVERS OF SPRING HILL SPRING HILL   TN","24943005209254851087115; 05814; ; ; ;","-29.92"
"2025-07-28","DEBIT","Roku for Disney Electr 816-2728107   DE","24204295208000902602051; 04899; ; ; ;","-17.51"
"2025-07-28","DEBIT","AMAZON RETA* KH0GC0MJ3 WWW.AMAZON.CO WA","24011345207100074022828; 05331; ; ; ;","-43.89"
"2025-07-28","DEBIT","WHITS FROZEN CUSTARD   423-3222819   TN","24540455208010702041262; 05812; ; ; ;","-9.87"
"2025-07-28","DEBIT","AMAZON MKTPL*QX58O0CZ3 Amzn.com/bill WA","24692165206103507592994; 05942; ; ; ;","-231.56"
"2025-07-28","DEBIT","TARGET.COM  *          800-591-3869  MN","24431065206253271600560; 05310; ; ; ;","-39.09"
"2025-07-28","DEBIT","TARGET.COM             800-591-3869  MN","24431065206253312352296; 05310; ; ; ;","-6.06"
"2025-07-28","DEBIT","WALGREENS #7659        COLUMBIA      TN","24445005207000803343451; 05912; ; ; ;","-34.19"
"2025-07-28","DEBIT","AHA INDIAN GRILL       SPRING HILL   TN","24000975206131102272489; 05812; ; ; ;","-64.65"
"2025-07-28","DEBIT","DD/BR #343536 Q35      FRANKLIN      TN","24943005207253462284006; 05814; ; ; ;","-17.29"
"2025-07-29","DEBIT","SONIC DRIVE IN #1850   COLUMBIA      TN","24055245209423499575262; 05814; ; ; ;","-2.18"
"2025-07-30","DEBIT","GOOGLE *YouTubePremium g.co/helppay# CA","24692165211107572581637; 04899; ; ; ;","-15.32"
"2025-07-30","DEBIT","ZAXBY'S #28901         COLUMBIA      TN","24692165210107135679473; 05814; ; ; ;","-30.48"
"2025-07-30","DEBIT","RACETRAC2557  00025577 SPRING HILL   TN","24164075210974695653002; 05542; ; ; ;","-37.93"
"2025-07-31","DEBIT","TARGET.COM  *          800-591-3869  MN","24431065211256427059121; 05310; ; ; ;","-4.60"
"2025-07-31","DEBIT","TARGET.COM  *          800-591-3869  MN","24431065211256425611741; 05310; ; ; ;","-86.00"
"2025-08-01","DEBIT","AMAZON RETA* 0A7F445D3 WWW.AMAZON.CO WA","24011345212100075095917; 05331; ; ; ;","-40.86"
"2025-08-01","DEBIT","APPLE.COM/BILL         866-712-7753  CA","24692165212108851839174; 05818; ; ; ;","-9.99"
"2025-08-01","DEBIT","LOWES #02474*          SPRING HILL   TN","24692165212109025239226; 05200; ; ; ;","-77.75"
"2025-08-01","DEBIT","PUBLIX #1047           SPRING HILL   TN","24137465213600284130565; 05411; ; ; ;","-171.58"
"2025-08-01","DEBIT","CULVERS OF SPRING HILL SPRING HILL   TN","24943005213257518102387; 05814; ; ; ;","-8.21"
"2025-08-01","DEBIT","CHICK-FIL-A #01220     FRANKLIN      TN","24427335212710008533625; 05814; ; ; ;","-33.35"
"2025-08-04","CREDIT","INTERNET PAYMENT THANK YOU","INTERNET; ; ; ; ;","2000.00"
"2025-08-04","DEBIT","AMAZON MKTPL*8H8KA8DC3 Amzn.com/bill WA","24692165214100768279519; 05942; ; ; ;","-49.38"
"2025-08-04","DEBIT","4TE*PREVENTIA SECURITY 615-422-5276  TN","24445005214200164873309; 07393; ; ; ;","-164.85"
"2025-08-04","DEBIT","SONIC DRIVE IN #2984   SPRING HILL   TN","24055245214429419644628; 05814; ; ; ;","-14.69"
"2025-08-04","DEBIT","SCHOOL OF ROCK FRANKLI 203-6095211   TN","24005955215900010601781; 08299; ; ; ;","-260.00"
"2025-08-04","DEBIT","UMAMI JAPANESE STEAKHO COLUMBIA      TN","24765015214429338290915; 05812; ; ; ;","-69.03"
"2025-08-04","DEBIT","KROGER #538            COLUMBIA      TN","24445005214300462556646; 05411; ; ; ;","-41.49"
"2025-08-04","DEBIT","AMAZON RETA* UH00I5LV3 WWW.AMAZON.CO WA","24011345213100097182650; 05331; ; ; ;","-27.36"
"2025-08-04","DEBIT","AMAZON MKTPL*3L96R98Y3 Amzn.com/bill WA","24692165213109778302428; 05942; ; ; ;","-51.08"
"2025-08-04","DEBIT","AMAZON MKTPL*FF5O23H83 Amzn.com/bill WA","24692165213109975220886; 05942; ; ; ;","-28.51"
"2025-08-04","DEBIT","CHICK-FIL-A #02869     COLUMBIA      TN","24427335213710018891897; 05814; ; ; ;","-21.20"
"2025-08-05","DEBIT","THRIFT LOVE            COLUMBIA      TN","24116415216431614756227; 05931; ; ; ;","-38.73"
"2025-08-06","DEBIT","TARGET.COM             800-591-3869  MN","24431065217260431253625; 05310; ; ; ;","-35.69"
"2025-08-06","DEBIT","PUBLIX #1047           SPRING HILL   TN","24137465218001315938248; 05411; ; ; ;","-238.73"
"2025-08-06","DEBIT","SPEEDWAY 7176 1535 NAS COLUMBIA      TN","24137465218001315938164; 05542; ; ; ;","-45.13"
"2025-08-06","DEBIT","TOWNE COFFEE           COLUMBIA      TN","24687205217030022129127; 05812; ; ; ;","-16.46"
"2025-08-06","DEBIT","TOWNE COFFEE           COLUMBIA      TN","24687205217030022128749; 05812; ; ; ;","-6.42"
"2025-08-07","DEBIT","CULVERS OF FRANKLIN    FRANKLIN      TN","24943005219261390689176; 05814; ; ; ;","-15.01"
"2025-08-07","DEBIT","TACO BELL 034958       COLUMBIA      TN","24943005218260982508811; 05814; ; ; ;","-20.81"
"2025-08-07","DEBIT","70032 WORKOUT ANYTIME  COLUMBIA      TN","24910165218025096185603; 07997; ; ; ;","-429.00"
"2025-08-08","DEBIT","WILLIAMSON COUNTY FAIR FRANKLIN      TN","24055235220435259471074; 07991; ; ; ;","-25.00"
"2025-08-08","DEBIT","FAIR FOOD- PW          EDGEFEILD     SC","24210735220094126641871; 05814; ; ; ;","-8.24"
